epoch,step,total_train_loss,real_train_loss,rec_train_loss,contra_train_loss,real_train_acc,rec_train_acc,real_train_top5,rec_train_top5,total_val_loss,real_val_loss,rec_val_loss,contra_val_loss,real_val_acc,rec_val_acc,real_val_top5,rec_val_top5,sav_version
0,1266,0.48911532654911044,0.11304717565670398,0.37606815091006185,0.722602059585035,0.9649066943127955,0.9322429156793038,0.9824638891184733,0.7459108629909469,1.1388730623505332,0.4838888611305844,0.593303480834672,0.6168071871454065,0.9032014860139859,0.898924643065268,0.849448341364279,0.6302267121863872,1
1,2532,0.4006293024544091,0.09333437227895616,0.3072949306977586,0.658424901077156,0.9712961591627182,0.9398733708530813,0.9834329271735344,0.7614618851752333,0.8197970539331436,0.330218215275443,0.43511128403020627,0.5446754978461699,0.9324318910256412,0.9172494172494174,0.8829535009548598,0.6651847532816627,2
2,3798,0.37622619032459614,0.086768022245701,0.2894581684439574,0.6186471362296627,0.9732381763428141,0.9416524733412329,0.9847311381420625,0.7695082065947239,0.8628763904174169,0.3645291444704388,0.4520705486788894,0.46276702122254804,0.928217875874126,0.915282634032634,0.8776472412929112,0.6712541225980772,2
3,5064,0.3600161609844574,0.08332453181564008,0.2766916288348359,0.5929630808826495,0.9742742890995254,0.942886675552923,0.986188995150373,0.7784880409920836,0.758503875949166,0.31008793509593513,0.40605684618155163,0.4235909730195999,0.9374763257575757,0.9228847974941727,0.9003913649255371,0.6967509067542337,3
4,6330,0.34986260977071987,0.08025614208229899,0.26960646753062567,0.5710655503434028,0.9750357918641389,0.9434852636255932,0.987513119148093,0.7860608255336432,0.7266721856413465,0.29595772747063276,0.3945919467192708,0.3612250985972809,0.9396051864801863,0.922150895979021,0.9164105024014331,0.7189401134276909,4
5,7596,0.3393037018452964,0.07833378024452246,0.26096992155222154,0.5591992189251416,0.9755862460505532,0.944431896721961,0.988012470232492,0.7943669142813065,0.6348480934446509,0.2397597006550341,0.3557603099580967,0.39328094052545953,0.9509597173659673,0.9301755536130537,0.9280709453565803,0.7426857156402626,5
