epoch,step,total_train_loss,real_train_loss,rec_train_loss,contra_train_loss,real_train_acc,rec_train_acc,real_train_top5,rec_train_top5,total_val_loss,real_val_loss,rec_val_loss,contra_val_loss,real_val_acc,rec_val_acc,real_val_top5,rec_val_top5,sav_version
0,1266,0.5370220951559419,0.11163484057480334,0.3722702679511213,0.531169872230734,0.9650979956556083,0.9322200829383893,0.9829974947719534,0.7515879559831891,1.0339528633789583,0.4664201927230214,0.5332617755189086,0.34270889221718814,0.9083060168997668,0.903899876165501,0.8401356321036011,0.6330320403302429,1
1,2532,0.4478175759809842,0.09257402752142099,0.3104094850343739,0.44834062651294104,0.9716034755134288,0.938976105845183,0.9838645284742171,0.7597120873046086,0.9129383067289988,0.39245735345916316,0.49184982523773657,0.2863112963510282,0.9226954035547783,0.9107808857808856,0.8638318472280269,0.6665147701181018,2
2,3798,0.4182383224462258,0.08664950544505982,0.290656453807725,0.40932363182259207,0.9734344144944699,0.9411304058056873,0.9849012767735229,0.7678051245947847,0.7589613736578913,0.329625679744464,0.4043348004872149,0.2500089113459443,0.9335664335664338,0.9216783216783215,0.8958584561581342,0.7051571913504345,3
3,5064,0.4006815845438089,0.08341885977358474,0.2787672526204567,0.3849547148386449,0.9742082592812006,0.9423658422195903,0.9856179584692977,0.7773942401049125,0.7149007410714121,0.2934741070494056,0.39754918127348926,0.2387745249452013,0.9411777025058277,0.9243043414918416,0.9078543339985602,0.7004822867626668,4
4,6330,0.3867372782285933,0.08053750358816195,0.26901799253825137,0.3718178205451035,0.9750339405608223,0.9432081852290678,0.9873305055020021,0.7866592117825835,0.6628715666857633,0.2729919728907672,0.3672843749324481,0.22595216379021155,0.9445066652097901,0.9261363636363634,0.9171856504137635,0.7372671715187223,5
5,7596,0.37248687077707965,0.07855392510651082,0.25750943797082887,0.3642350697557414,0.9755590936018966,0.9451427971958917,0.9877418547397929,0.7965354171074066,0.6813955717917645,0.2926817018764489,0.3672105832533403,0.21503284471956166,0.9402689758158506,0.9254288680069934,0.9108671180738848,0.7333745108570268,5
