epoch,step,total_train_loss,real_train_loss,rec_train_loss,contra_train_loss,real_train_acc,rec_train_acc,real_train_top5,rec_train_top5,total_val_loss,real_val_loss,rec_val_loss,contra_val_loss,real_val_acc,rec_val_acc,real_val_top5,rec_val_top5,sav_version
0,1266,0.5287936238622025,0.11899963541524293,0.3954132943580407,0.1438069474569994,0.962759182464455,0.9310772116903624,0.9865286449527496,0.7586188058180261,1.0727644282760043,0.47015522397828824,0.5548460542252569,0.4776314849203283,0.9064466783216785,0.9000118371212121,0.8361457452279933,0.6568427168813833,1
1,2532,0.4277002949379443,0.09932669689275594,0.31622966615509646,0.12143932722838476,0.9694633688783556,0.9390705223143753,0.9841818211393296,0.7640908810159894,0.855009170644211,0.37082673442747555,0.4423715975700003,0.4181083955548026,0.9271088286713284,0.918923004079254,0.869376498917148,0.6919172465571204,2
2,3798,0.3901929269540366,0.09213820559937819,0.28633213426923676,0.11722586228913888,0.9718398252369669,0.9425102438783574,0.9854588477252088,0.7817122727456863,0.8111989398797353,0.3558902572276014,0.42111794424779486,0.3419074070724574,0.9291247814685313,0.9193108974358974,0.8939314720850535,0.7232937750490549,3
3,5064,0.3713921986249574,0.08780157306241858,0.2723546077454636,0.11236017891375046,0.9729012391390206,0.9438450335702997,0.9871812665060485,0.7921473541198999,0.7524891409910086,0.33496623937830783,0.38599060949954117,0.31532299608895276,0.9339515952797205,0.9229967948717952,0.8963710218703794,0.7439121436352871,4
4,6330,0.3555267300533269,0.08457906443572723,0.2599897685256238,0.10957897237338726,0.9738793443917863,0.9448626332938381,0.9878875102008057,0.8039524517503011,0.7639270474513372,0.3488407067277215,0.38521531337138376,0.29871028819770523,0.9325793997668999,0.9251402243589746,0.8962578658145852,0.7448277798417795,4
5,7596,0.34372752215154173,0.08242269381671102,0.25068807129940907,0.10616756939015823,0.9744137539494477,0.9456926342812014,0.9895502250969098,0.8151538767542597,0.7628107305729028,0.36343040294719464,0.37240105935118417,0.26979265373313066,0.9295618444055944,0.9251957677738926,0.8984658307641862,0.7597271910149594,4
