epoch,step,total_train_loss,real_train_loss,recomposed_train_loss,contra_train_loss,real_train_acc,recomposed_train_acc,total_val_loss,real_val_loss,recomposed_val_loss,contra_val_loss,real_val_acc,recomposed_val_acc,sav_version
0,33,1.2576478719711304,0.4671254555384318,0.7281583005731757,0.6236410655758597,0.9901632929489163,0.7417105269372738,7.009165287017822,3.5982764959335327,3.381376266479492,0.2951216995716095,0.4620179521276596,0.6028922872340425,1
1,66,1.2353726083582097,0.4718800178079894,0.7219444224328706,0.415481659950632,0.9913351664946392,0.759951130550626,7.176838636398315,3.6108375787734985,3.552541494369507,0.13459261134266853,0.5375664893617021,0.5261801861702128,1
2,99,1.2372474291107871,0.4534336274320429,0.7448123476722024,0.3900145260673581,0.9930119321104881,0.7161405863899883,7.042335748672485,3.5802173614501953,3.443658232688904,0.18460474908351898,0.4911901595744681,0.5925864361702128,1
3,132,1.2401169935862224,0.46177861184784863,0.7417702421997533,0.3656815053387122,0.9913222380964317,0.7450778500173662,6.986875772476196,3.626713752746582,3.347732424736023,0.12429531663656235,0.3700964095744681,0.5964926861702128,2
4,165,1.0402159329616663,0.349177718614087,0.6283917869582321,0.6264642242229346,0.9918563272897951,0.7361124996297284,6.4741902351379395,3.278176426887512,3.1161640882492065,0.7984986305236816,0.47199135638297873,0.6050531914893618,3
5,198,0.7602667555664525,0.21010162523298553,0.4702272649967309,0.799378646142555,0.9900759346711965,0.7404899627461545,6.126135349273682,3.1546759605407715,2.891640067100525,0.7981928884983063,0.4847905585106383,0.684092420212766,4
6,231,0.6991043054696285,0.18521482881271478,0.4339470863342285,0.799423994440021,0.9865521754909584,0.7464624560299047,5.964017391204834,3.0135992765426636,2.87060546875,0.7981273829936981,0.4748171542553191,0.5095578457446808,5
