epoch,step,total_train_loss,real_train_loss,random_train_loss,contra_train_loss,real_train_acc,random_train_acc,total_val_loss,real_val_loss,random_val_loss,contra_val_loss,real_val_acc,random_val_acc,sav_version
0,33,2.121329574873953,0.4523895437067205,1.249477171536648,0.41946287645083485,0.9941717524335789,0.125561844293203,7.541163682937622,3.5231010913848877,3.8896801471710205,0.12838232889771461,0.5208333333333333,0.125,1
1,66,1.8971731771122327,0.46141041950746015,1.2826677416310166,0.15309501777995715,0.9916708573716937,0.1321584864545282,7.45568060874939,3.437770962715149,3.90274715423584,0.11516280844807625,0.4609797297297298,0.07905405405405405,2
2,99,1.8437444946982644,0.47076837853951886,1.2350495295091108,0.137926582472794,0.9938008757268701,0.12876845583966998,7.594171762466431,3.5512475967407227,3.933363914489746,0.10956037417054176,0.4823021181716834,0.1520345596432553,2
3,132,1.8160563093243223,0.45597471251632227,1.2225051883495215,0.13757640653938957,0.9921316851567966,0.15404596693777442,7.597491025924683,3.5365642309188843,3.9382753372192383,0.12265136232599616,0.5498188405797101,0.07669082125603865,2
4,165,1.8198446107633186,0.46340347239465424,1.2560931317733997,0.1003480041964036,0.9908093819388063,0.1255225475968936,7.63211989402771,3.5687897205352783,3.9816558361053467,0.08167478442192078,0.4436540198735321,0.12917795844625113,2
5,198,1.820043708338882,0.46659284920403454,1.2479228196722087,0.10552805537978809,0.9903471390647133,0.138718068293669,7.498271226882935,3.5280741453170776,3.8869699239730835,0.0832269974052906,0.3717948717948718,0.11767399267399267,2
6,231,1.7395064288919622,0.43803961168635974,1.2040298815929529,0.09743692375945323,0.9924235192519254,0.15639152007893303,7.598421335220337,3.596882939338684,3.9320809841156006,0.06945723295211792,0.40639076576576577,0.03434684684684684,2
