epoch,step,total_train_loss,real_train_loss,random_train_loss,contra_train_loss,real_train_acc,random_train_acc,total_val_loss,real_val_loss,random_val_loss,contra_val_loss,real_val_acc,random_val_acc,sav_version
0,33,2.127061208089193,0.4715993187644265,1.6554618820999607,1.1136045347560535,0.9942383584165554,0.01082578526904047,7.840769052505493,3.516499400138855,4.324269413948059,1.14951092004776,0.4231418918918919,0.010416666666666666,1
1,66,2.161439942591118,0.4617646264307427,1.6996753324161877,1.1146641608440515,0.9910346285354356,0.011312412371937343,7.989806652069092,3.5825188159942627,4.4072877168655396,1.1506395936012268,0.4269366197183099,0.02593445287107259,1
2,99,2.1152977257063896,0.4717682121378003,1.6435295343399048,1.1213804375041614,0.9929446711880024,0.013515145799129373,8.044747829437256,3.5504045486450195,4.494343519210815,1.1636500358581543,0.4779285099052541,0.015073212747631352,1
3,132,2.1123725826090034,0.468890444798903,1.6434821432287043,1.1483073198434077,0.9902032781238062,0.015503707236351184,7.836040258407593,3.5115296840667725,4.32451057434082,1.196447491645813,0.4130985915492958,0.029084507042253523,2
