epoch,step,n_vis,train_loss,train_acc,train_ppl,train_te,val_loss,val_acc,val_ppl,val_te,sav_version
0,2531,0,1.8930782793492302,0.5329118925325966,7.355031058423034,0.32071699954576366,1.821730956886754,0.5508877840909092,9.264127171124104,0.27836428784913536,1
