epoch,step,n_vis,train_loss,train_acc,train_ppl,train_te,val_loss,val_acc,val_ppl,val_te,sav_version
0,2531,0,1.8960462597366945,0.530759210786251,7.3686196253420295,0.32059763082290665,1.8454105565042207,0.5455160984848485,8.51214423886973,0.331468418888222,1
1,5062,0,1.7093631284409292,0.5687234541683109,5.90294843992422,0.28877853629615385,1.6008055381702655,0.591524621212121,6.188289092363656,0.2559675723544869,2
2,7593,0,1.5831060738066165,0.592536299881469,5.158280819782056,0.2678460308400397,1.5436400152517087,0.6025094696969697,5.815613450386271,0.24360767218241014,3
