epoch,step,total_train_loss,real_train_loss,recomposed_train_loss,random_train_loss,real_train_acc,recomposed_train_acc,random_train_acc,total_val_loss,real_val_loss,recomposed_val_loss,random_val_loss,real_val_acc,recomposed_val_acc,random_val_acc,sav_version
0,86,8.3171547069106,0.41776022904141,1.9077584244484125,5.991636093272719,0.8808775436046511,0.7169331395348837,0.5898710029069767,7.705429363250732,1.0611710488796233,1.6237333178520204,5.020524883270264,0.8059722222222222,0.7366493055555555,0.6127777777777779,1
