epoch,step,n_vis,train_loss,train_acc,train_ppl,train_te,val_loss,val_acc,val_ppl,val_te,sav_version
0,2531,0,1.8954377626298868,0.5308573686290011,7.380127768113043,0.3207482831226061,1.8262089590231578,0.547885890151515,8.853788876448917,0.2886352397275092,1
1,5062,0,1.7250947401204255,0.5653070673646777,5.985664978432391,0.29129617463611046,1.621085447343913,0.5881321022727274,6.307159118724885,0.2694633659398448,2
2,7593,0,1.5935752752834231,0.5914114974318453,5.210954737431599,0.269555366647162,1.569448970484011,0.5959256628787876,5.930050359642313,0.24823813135619868,3
