epoch,step,n_vis,train_loss,train_acc,train_ppl,train_te,val_loss,val_acc,val_ppl,val_te,sav_version
0,2531,0,1.8887009390113572,0.5334588601343345,7.277493689998131,0.3191596651412411,1.8047231422229246,0.5494081439393941,8.688408088293741,0.2821274261442959,1
1,5062,0,1.7014107280736477,0.5683913225997611,5.852041557346621,0.2873340980628933,1.592539628346761,0.5930634469696967,6.113329285304995,0.26563319159310805,2
