epoch,step,total_train_loss,real_train_loss,recomposed_train_loss,random_train_loss,real_train_acc,recomposed_train_acc,random_train_acc,total_val_loss,real_val_loss,recomposed_val_loss,random_val_loss,real_val_acc,recomposed_val_acc,random_val_acc,sav_version
0,86,2.241188728532126,0.21433172686848528,0.5730728503576544,1.4537841455880987,0.9358375726744187,0.8954941860465115,0.8790697674418607,3.7450252532958985,0.7041300103068352,1.055164635181427,1.9857306003570556,0.8795833333333333,0.8501909722222223,0.8338888888888889,1
1,172,2.236721149710722,0.2175056653660397,0.5733683968699256,1.4458470871282179,0.9362372819767439,0.8961664244186042,0.8803506540697671,3.616154098510742,0.717626191675663,1.0490339756011964,1.8494940280914307,0.8831597222222222,0.8495312500000001,0.8389583333333335,2
2,258,2.194946515005688,0.21250451789345853,0.5717897356249565,1.410652261833812,0.9368095930232557,0.8971384447674418,0.881940406976744,3.6375539302825928,0.7258787542581558,0.9914475977420807,1.9202274560928345,0.8769965277777778,0.8476909722222222,0.8336979166666666,2
3,344,2.163958341576332,0.20620729964832926,0.5579854991546896,1.3997655531694724,0.9400072674418607,0.8994186046511624,0.8828125000000003,3.528891086578369,0.7076038278639316,0.9845883071422576,1.8366990566253663,0.8840104166666667,0.8557118055555556,0.8397222222222223,3
4,430,2.1414579679799632,0.20730870303719542,0.5489408113928729,1.3852084625598997,0.9378270348837211,0.8998183139534887,0.8831031976744185,3.5799172163009643,0.7276876345276833,0.9260050535202027,1.9262244939804076,0.8834895833333334,0.8623263888888889,0.8388194444444445,3
5,516,2.200074066949445,0.19948118283998134,0.5615151448305263,1.4390777488087498,0.9413789970930233,0.9002543604651166,0.8828851744186047,3.821829986572266,0.697824114561081,1.099462640285492,2.0245431900024413,0.8862847222222223,0.8478645833333334,0.8347916666666666,3
