epoch,step,total_train_loss,real_train_loss,recomposed_train_loss,random_train_loss,real_train_acc,recomposed_train_acc,random_train_acc,total_val_loss,real_val_loss,recomposed_val_loss,random_val_loss,real_val_acc,recomposed_val_acc,random_val_acc,sav_version
0,1266,2.121871742121228,0.20792510990188773,0.4945043177589609,1.4194423143897577,0.9400862707345977,0.9086554601105837,0.8866335900473931,2.389684386325605,0.3529506530048269,0.5350901723811121,1.5016435601494529,0.9175571824009321,0.9011955492424244,0.8768893866550115,1
