epoch,step,total_train_loss,real_train_loss,recomposed_train_loss,random_train_loss,real_train_acc,recomposed_train_acc,random_train_acc,total_val_loss,real_val_loss,recomposed_val_loss,random_val_loss,real_val_acc,recomposed_val_acc,random_val_acc,sav_version
0,1266,2.0595295487610272,0.20640698072351926,0.48100633540236365,1.3721162361838806,0.9407681674565569,0.910839380924171,0.8895913556477084,2.193131737636797,0.3296859762208028,0.49695459188836993,1.3664911678343108,0.9223011363636366,0.9068773674242424,0.8855104530885785,1
1,2532,1.7902580417257161,0.18696836647680573,0.41661049300837105,1.186679181988582,0.9484010910347569,0.9208759133096365,0.9004109893364913,1.9477612141406897,0.2971981450012236,0.4239927126151143,1.2265703452355934,0.9296283143939393,0.9165756118881119,0.8959198353729605,2
2,3798,1.6653549150456373,0.17906774745152096,0.38828795969520813,1.0979992083463623,0.9512089010663507,0.9249333530805697,0.904693671011058,1.8501053019003435,0.27967368642037566,0.40360079389629944,1.166830815149076,0.9331931089743589,0.9201030740093239,0.8996366914335662,3
3,5064,1.5927588540419206,0.17246593836853855,0.3763430332779696,1.0439498811536492,0.9534532977883091,0.9268358757898881,0.9068652498025279,1.751926151188937,0.2668460812984091,0.3807207348220276,1.1043593368747018,0.9363809367715621,0.9230222902097902,0.9030721882284386,4
4,6330,1.546335685592127,0.16873879781313605,0.3676651413854076,1.0099317469585563,0.9546862657977881,0.9283082790284344,0.9081988052922592,1.6875538591182593,0.25216684354977176,0.38007191162217746,1.0553151016885585,0.9403327141608391,0.9261573062354309,0.9061471081002332,5
5,7596,1.5071180329126959,0.16368320663452243,0.36301308061698034,0.9804217466057571,0.9561228771721948,0.928990792851501,0.9090843453791472,1.6468556613633127,0.2481199988361561,0.3704755592978362,1.0282601054870721,0.9421101034382281,0.9263066360722609,0.9068300189393941,6
6,8862,1.4730217067927922,0.16043017331972764,0.35546035398427533,0.957131177846101,0.9571842910742495,0.9304008688783564,0.9097785841232227,1.6011398290142869,0.23908499904880018,0.35758106342770835,1.0044737729159268,0.9430871212121213,0.9289627039627036,0.90887601981352,7
