epoch,step,n_vis,train_loss,train_acc,train_ppl,train_te,val_loss,val_acc,val_ppl,val_te,sav_version
0,2531,0,1.8950497008792406,0.5311067759778747,7.3911357737952645,0.32030814960856163,1.8376250556021025,0.5516216856060606,9.657133795046255,0.27730331469258584,1
1,5062,0,1.717358628783194,0.5667998073883848,5.972180466202951,0.2900575749164345,1.5993337080334171,0.5905208333333334,6.370227924935997,0.2465561054404617,2
2,7593,0,1.5933382941394492,0.5911176412485187,5.207221435025601,0.26950346940914566,1.5462648543444546,0.6012121212121214,5.883380727441998,0.23924256114119605,3
